{"results":[{"filePath":"images/32x32.png","success":true},{"filePath":"images/16x16.png","success":true},{"filePath":"./res/icons/favicon.ico","success":false,"error":{"methodName":"constructor"}},{"filePath":"images/180x180.png","success":true},{"filePath":"images/1897x972.jpeg","success":true},{"filePath":"/images/screenshot-1.png","success":false,"error":{"methodName":"constructor"}},{"filePath":"/images/screenshot-2.png","success":false,"error":{"methodName":"constructor"}},{"filePath":"next-steps.html","success":true},{"filePath":"manifest.json","success":true},{"filePath":"pwabuilder-sw/pwabuilder-sw-register.js","success":true},{"filePath":"pwabuilder-sw/pwabuilder-sw.js","success":true}],"errors":[{"filePath":"./res/icons/favicon.ico","success":false,"error":{"methodName":"constructor"}},{"filePath":"/images/screenshot-1.png","success":false,"error":{"methodName":"constructor"}},{"filePath":"/images/screenshot-2.png","success":false,"error":{"methodName":"constructor"}}]}